{"slider1_value": 51.49253731343284, "slider2_value": 53.73134328358209, "slider3_value": 53.73134328358209}