{"slider1_value": 72.38805970149254, "slider2_value": 22.388059701492537, "slider3_value": 80.59701492537313}