{"slider1_value": 26.119402985074625, "slider2_value": 38.80597014925373, "slider3_value": 0.0}